Invoice ID,Branch,City,Customer type,Gender,Product line,Unit price,Quantity,Tax 5%,Total,Date,Time,Payment,cogs,gross margin percentage,gross income,Rating
750-67-8428,A,Yangon,Member,Female,Health and beauty,74.69,7,26.1415,548.9715,1/5/2019,13:08,Ewallet,522.83,4.761904762,26.1415,9.1
373-73-7910,A,Yangon,Normal,Male,Sports and travel,86.31,7,30.2085,634.3785,2/8/2019,10:37,Ewallet,604.17,4.761904762,30.2085,5.3
699-14-3026,C,Naypyitaw,Normal,Male,Electronic accessories,85.39,7,29.8865,627.6165,3/25/2019,18:30,Ewallet,597.73,4.761904762,29.8865,4.1
315-22-5665,C,Naypyitaw,Normal,Female,Home and lifestyle,73.56,10,36.78,772.38,2/24/2019,11:38,Ewallet,735.6,4.761904762,36.78,8.0
829-34-3910,A,Yangon,Normal,Female,Health and beauty,71.38,10,35.69,749.49,3/29/2019,19:21,Cash,713.8,4.761904762,35.69,5.7
299-46-1805,B,Mandalay,Member,Female,Sports and travel,93.72,6,28.116,590.436,1/15/2019,16:19,Cash,562.32,4.761904762,28.116,4.5
656-95-9349,A,Yangon,Member,Female,Health and beauty,68.93,7,24.1255,506.6355,3/11/2019,11:03,Credit card,482.51,4.761904762,24.1255,4.6
149-71-6266,B,Mandalay,Member,Male,Sports and travel,78.07,9,35.1315,737.7615,1/28/2019,12:43,Cash,702.63,4.761904762,35.1315,4.5
640-49-2076,B,Mandalay,Normal,Male,Sports and travel,83.78,8,33.512,703.752,1/10/2019,14:49,Cash,670.24,4.761904762,33.512,5.1
272-65-1806,A,Yangon,Normal,Female,Electronic accessories,60.88,9,27.396,575.316,1/15/2019,17:17,Ewallet,547.92,4.761904762,27.396,4.7
228-96-1411,C,Naypyitaw,Member,Female,Food and beverages,98.7,8,39.48,829.08,3/4/2019,20:39,Cash,789.6,4.761904762,39.48,7.6
370-41-7321,B,Mandalay,Member,Male,Health and beauty,56.69,9,25.5105,535.7205,2/27/2019,17:24,Credit card,510.21,4.761904762,25.5105,8.4
574-22-5561,C,Naypyitaw,Member,Female,Fashion accessories,82.63,10,41.315,867.615,3/19/2019,17:08,Ewallet,826.3,4.761904762,41.315,7.9
326-78-5178,C,Naypyitaw,Member,Male,Food and beverages,91.4,7,31.99,671.79,2/3/2019,10:19,Cash,639.8,4.761904762,31.99,9.5
399-46-5918,C,Naypyitaw,Normal,Female,Electronic accessories,85.98,8,34.392,722.232,2/28/2019,19:01,Cash,687.84,4.761904762,34.392,8.2
635-40-6220,A,Yangon,Normal,Male,Health and beauty,89.6,8,35.84,752.64,2/7/2019,11:28,Ewallet,716.8,4.761904762,35.84,6.6
817-48-8732,A,Yangon,Member,Female,Home and lifestyle,72.35,10,36.175,759.675,1/20/2019,15:55,Cash,723.5,4.761904762,36.175,5.4
347-34-2234,B,Mandalay,Member,Female,Sports and travel,55.07,9,24.7815,520.4115,2/3/2019,13:40,Ewallet,495.63,4.761904762,24.7815,10.0
109-28-2512,B,Mandalay,Member,Female,Fashion accessories,97.61,6,29.283,614.943,1/7/2019,15:01,Ewallet,585.66,4.761904762,29.283,9.9
232-11-3025,A,Yangon,Normal,Male,Sports and travel,78.77,10,39.385,827.085,1/24/2019,10:04,Cash,787.7,4.761904762,39.385,6.4
393-65-2792,C,Naypyitaw,Normal,Male,Food and beverages,89.48,10,44.74,939.54,1/6/2019,12:46,Credit card,894.8,4.761904762,44.74,9.6
796-12-2025,C,Naypyitaw,Normal,Male,Fashion accessories,62.12,10,31.06,652.26,2/11/2019,16:19,Cash,621.2,4.761904762,31.06,5.9
287-21-9091,A,Yangon,Normal,Male,Home and lifestyle,74.67,9,33.6015,705.6315,1/22/2019,10:55,Ewallet,672.03,4.761904762,33.6015,9.4
829-49-1914,C,Naypyitaw,Member,Female,Food and beverages,78.31,10,39.155,822.255,3/5/2019,16:24,Ewallet,783.1,4.761904762,39.155,6.6
870-72-4431,C,Naypyitaw,Normal,Female,Health and beauty,99.19,6,29.757,624.897,1/21/2019,14:42,Credit card,595.14,4.761904762,29.757,5.5
730-50-9884,C,Naypyitaw,Normal,Female,Sports and travel,83.06,7,29.071,610.491,3/5/2019,14:31,Ewallet,581.42,4.761904762,29.071,4.0
152-08-9985,B,Mandalay,Member,Male,Health and beauty,64.36,9,28.962,608.202,3/12/2019,12:09,Credit card,579.24,4.761904762,28.962,8.6
766-85-7061,B,Mandalay,Normal,Male,Health and beauty,87.87,10,43.935,922.635,3/29/2019,10:25,Ewallet,878.7,4.761904762,43.935,5.1
733-01-9107,B,Mandalay,Normal,Male,Home and lifestyle,82.7,6,24.81,521.01,3/5/2019,18:14,Cash,496.2,4.761904762,24.81,7.4
189-98-2939,C,Naypyitaw,Normal,Male,Fashion accessories,78.55,9,35.3475,742.2975,3/1/2019,13:22,Cash,706.95,4.761904762,35.3475,7.2
704-48-3927,A,Yangon,Member,Male,Electronic accessories,88.67,10,44.335,931.035,1/12/2019,14:50,Ewallet,886.7,4.761904762,44.335,7.3
861-77-0145,C,Naypyitaw,Member,Male,Electronic accessories,81.97,10,40.985,860.685,3/3/2019,14:30,Cash,819.7,4.761904762,40.985,9.2
227-78-1148,B,Mandalay,Normal,Female,Fashion accessories,72.84,7,25.494,535.374,2/15/2019,12:44,Cash,509.88,4.761904762,25.494,8.4
645-44-1170,A,Yangon,Member,Male,Home and lifestyle,58.07,9,26.1315,548.7615,1/19/2019,20:07,Ewallet,522.63,4.761904762,26.1315,4.3
237-01-6122,C,Naypyitaw,Member,Female,Home and lifestyle,80.79,9,36.3555,763.4655,2/1/2019,20:31,Credit card,727.11,4.761904762,36.3555,9.5
638-60-7125,A,Yangon,Normal,Female,Electronic accessories,99.56,8,39.824,836.304,2/14/2019,17:03,Credit card,796.48,4.761904762,39.824,5.2
219-22-9386,B,Mandalay,Member,Male,Sports and travel,99.96,9,44.982,944.622,3/9/2019,17:26,Credit card,899.64,4.761904762,44.982,4.2
336-78-2147,C,Naypyitaw,Member,Male,Home and lifestyle,63.91,8,25.564,536.844,3/13/2019,19:52,Credit card,511.28,4.761904762,25.564,4.6
668-90-8900,A,Yangon,Normal,Female,Home and lifestyle,93.69,7,32.7915,688.6215,3/10/2019,18:44,Credit card,655.83,4.761904762,32.7915,4.5
663-86-9076,C,Naypyitaw,Member,Female,Food and beverages,68.54,8,27.416,575.736,1/8/2019,15:57,Ewallet,548.32,4.761904762,27.416,8.5
549-84-7482,B,Mandalay,Normal,Female,Sports and travel,90.28,9,40.626,853.146,2/8/2019,11:15,Ewallet,812.52,4.761904762,40.626,7.2
802-70-5316,A,Yangon,Member,Female,Sports and travel,92.13,6,27.639,580.419,3/6/2019,20:34,Cash,552.78,4.761904762,27.639,8.3
590-83-4591,B,Mandalay,Member,Male,Electronic accessories,87.45,6,26.235,550.935,2/17/2019,14:40,Credit card,524.7,4.761904762,26.235,8.8
483-71-1164,C,Naypyitaw,Normal,Female,Health and beauty,81.3,6,24.39,512.19,3/8/2019,16:43,Ewallet,487.8,4.761904762,24.39,5.3
241-72-9525,B,Mandalay,Normal,Male,Sports and travel,51.91,10,25.955,545.055,2/16/2019,12:21,Cash,519.1,4.761904762,25.955,8.2
575-30-8091,A,Yangon,Normal,Male,Sports and travel,72.5,8,29.0,609.0,3/16/2019,19:25,Ewallet,580.0,4.761904762,29.0,9.2
731-81-9469,C,Naypyitaw,Member,Female,Sports and travel,89.8,10,44.9,942.9,1/23/2019,13:00,Credit card,898.0,4.761904762,44.9,5.4
280-17-4359,C,Naypyitaw,Member,Male,Health and beauty,90.5,10,45.25,950.25,1/25/2019,13:48,Cash,905.0,4.761904762,45.25,8.1
338-65-2210,C,Naypyitaw,Member,Female,Health and beauty,68.6,10,34.3,720.3,2/5/2019,19:57,Cash,686.0,4.761904762,34.3,9.1
262-47-2794,B,Mandalay,Member,Male,Home and lifestyle,71.86,8,28.744,603.624,3/6/2019,15:07,Credit card,574.88,4.761904762,28.744,6.2
746-94-0204,A,Yangon,Normal,Male,Fashion accessories,83.24,9,37.458,786.618,1/29/2019,11:56,Credit card,749.16,4.761904762,37.458,7.4
400-89-4171,C,Naypyitaw,Normal,Female,Sports and travel,80.97,8,32.388,680.148,1/28/2019,13:05,Cash,647.76,4.761904762,32.388,9.3
743-04-1105,B,Mandalay,Member,Male,Health and beauty,97.22,9,43.749,918.729,3/30/2019,14:43,Ewallet,874.98,4.761904762,43.749,6.0
423-57-2993,B,Mandalay,Normal,Male,Sports and travel,93.39,6,28.017,588.357,3/27/2019,19:18,Ewallet,560.34,4.761904762,28.017,10.0
234-65-2137,C,Naypyitaw,Normal,Male,Home and lifestyle,95.58,10,47.79,1003.59,1/16/2019,13:32,Cash,955.8,4.761904762,47.79,4.8
687-47-8271,A,Yangon,Normal,Male,Fashion accessories,98.98,10,49.49,1039.29,2/8/2019,16:20,Credit card,989.8,4.761904762,49.49,8.7
105-31-1824,A,Yangon,Member,Male,Sports and travel,69.52,7,24.332,510.972,2/1/2019,15:10,Credit card,486.64,4.761904762,24.332,8.5
305-14-0245,B,Mandalay,Member,Female,Home and lifestyle,94.49,8,37.796,793.716,3/3/2019,19:00,Ewallet,755.92,4.761904762,37.796,7.5
286-43-6208,C,Naypyitaw,Normal,Female,Food and beverages,87.8,9,39.51,829.71,3/16/2019,19:08,Cash,790.2,4.761904762,39.51,9.2
672-51-8681,C,Naypyitaw,Member,Female,Electronic accessories,66.65,9,29.9925,629.8425,1/4/2019,18:19,Credit card,599.85,4.761904762,29.9925,9.7
817-69-8206,B,Mandalay,Normal,Female,Electronic accessories,99.73,9,44.8785,942.4485,3/2/2019,19:42,Credit card,897.57,4.761904762,44.8785,6.5
677-11-0152,C,Naypyitaw,Normal,Female,Food and beverages,93.26,9,41.967,881.307,1/16/2019,18:08,Cash,839.34,4.761904762,41.967,8.8
549-03-9315,B,Mandalay,Normal,Male,Fashion accessories,94.87,8,37.948,796.908,2/12/2019,12:58,Ewallet,758.96,4.761904762,37.948,8.7
836-82-5858,B,Mandalay,Member,Male,Health and beauty,69.37,9,31.2165,655.5465,1/26/2019,19:14,Ewallet,624.33,4.761904762,31.2165,4.0
466-61-5506,B,Mandalay,Member,Female,Electronic accessories,90.7,6,27.21,571.41,2/26/2019,10:52,Cash,544.2,4.761904762,27.21,5.3
721-86-6247,A,Yangon,Normal,Female,Home and lifestyle,63.42,8,25.368,532.728,3/11/2019,12:55,Ewallet,507.36,4.761904762,25.368,7.4
418-02-5978,B,Mandalay,Normal,Female,Health and beauty,84.09,9,37.8405,794.6505,2/11/2019,10:54,Cash,756.81,4.761904762,37.8405,8.0
157-13-5295,A,Yangon,Member,Male,Health and beauty,51.94,10,25.97,545.37,3/9/2019,18:24,Ewallet,519.4,4.761904762,25.97,6.5
376-02-8238,B,Mandalay,Normal,Male,Home and lifestyle,93.87,8,37.548,788.508,2/2/2019,18:42,Credit card,750.96,4.761904762,37.548,8.3
785-13-7708,B,Mandalay,Normal,Male,Food and beverages,73.06,7,25.571,536.991,1/14/2019,19:06,Credit card,511.42,4.761904762,25.571,4.2
850-41-9669,A,Yangon,Normal,Female,Electronic accessories,75.06,9,33.777,709.317,3/19/2019,13:25,Ewallet,675.54,4.761904762,33.777,6.2
253-12-6086,A,Yangon,Member,Female,Sports and travel,98.4,7,34.44,723.24,3/12/2019,12:43,Credit card,688.8,4.761904762,34.44,8.7
571-94-0759,B,Mandalay,Member,Female,Food and beverages,74.6,10,37.3,783.3,1/8/2019,20:55,Cash,746.0,4.761904762,37.3,9.5
477-24-6490,B,Mandalay,Normal,Female,Health and beauty,99.71,6,29.913,628.173,2/26/2019,16:52,Ewallet,598.26,4.761904762,29.913,7.9
537-72-0426,C,Naypyitaw,Member,Male,Fashion accessories,70.99,10,35.495,745.395,3/20/2019,16:28,Cash,709.9,4.761904762,35.495,5.7
136-08-6195,A,Yangon,Normal,Female,Home and lifestyle,69.96,8,27.984,587.664,2/15/2019,17:01,Credit card,559.68,4.761904762,27.984,6.4
667-92-0055,A,Yangon,Member,Male,Health and beauty,99.83,6,29.949,628.929,3/4/2019,15:02,Ewallet,598.98,4.761904762,29.949,8.5
430-60-3493,A,Yangon,Member,Female,Home and lifestyle,94.88,7,33.208,697.368,2/3/2019,14:38,Cash,664.16,4.761904762,33.208,4.2
411-77-0180,A,Yangon,Member,Male,Electronic accessories,72.2,7,25.27,530.67,3/26/2019,20:14,Ewallet,505.4,4.761904762,25.27,4.3
803-17-8013,A,Yangon,Member,Female,Home and lifestyle,88.79,8,35.516,745.836,2/17/2019,17:09,Cash,710.32,4.761904762,35.516,4.1
532-59-7201,B,Mandalay,Member,Male,Sports and travel,79.93,6,23.979,503.559,1/31/2019,14:04,Cash,479.58,4.761904762,23.979,5.5
227-07-4446,C,Naypyitaw,Member,Female,Electronic accessories,78.13,10,39.065,820.365,2/10/2019,20:51,Cash,781.3,4.761904762,39.065,4.4
815-11-1168,A,Yangon,Member,Male,Food and beverages,99.78,5,24.945,523.845,3/9/2019,19:09,Cash,498.9,4.761904762,24.945,5.4
898-04-2717,A,Yangon,Normal,Male,Fashion accessories,76.4,9,34.38,721.98,3/19/2019,15:49,Ewallet,687.6,4.761904762,34.38,7.5
873-95-4984,B,Mandalay,Member,Female,Health and beauty,76.9,7,26.915,565.215,2/15/2019,20:21,Cash,538.3,4.761904762,26.915,7.7
416-13-5917,C,Naypyitaw,Normal,Female,Food and beverages,97.03,5,24.2575,509.4075,1/30/2019,16:24,Ewallet,485.15,4.761904762,24.2575,9.3
135-84-8019,A,Yangon,Normal,Female,Fashion accessories,77.93,9,35.0685,736.4385,2/27/2019,16:10,Ewallet,701.37,4.761904762,35.0685,7.6
725-96-3778,C,Naypyitaw,Member,Female,Home and lifestyle,89.25,8,35.7,749.7,1/20/2019,10:13,Cash,714.0,4.761904762,35.7,4.7
860-79-0874,C,Naypyitaw,Member,Female,Fashion accessories,99.3,10,49.65,1042.65,2/15/2019,14:53,Credit card,993.0,4.761904762,49.65,6.6
554-42-2417,C,Naypyitaw,Normal,Female,Sports and travel,95.44,10,47.72,1002.12,1/9/2019,13:45,Cash,954.4,4.761904762,47.72,5.2
612-36-5536,A,Yangon,Member,Male,Food and beverages,80.96,8,32.384,680.064,2/17/2019,11:12,Credit card,647.68,4.761904762,32.384,7.4
605-72-4132,C,Naypyitaw,Normal,Female,Food and beverages,94.47,8,37.788,793.548,2/27/2019,15:12,Cash,755.76,4.761904762,37.788,9.1
667-23-5919,A,Yangon,Member,Female,Fashion accessories,96.7,5,24.175,507.675,1/14/2019,12:52,Ewallet,483.5,4.761904762,24.175,7.0
743-88-1662,C,Naypyitaw,Normal,Male,Sports and travel,95.49,7,33.4215,701.8515,2/22/2019,18:17,Ewallet,668.43,4.761904762,33.4215,8.7
868-52-7573,B,Mandalay,Normal,Female,Food and beverages,99.69,5,24.9225,523.3725,1/14/2019,12:09,Cash,498.45,4.761904762,24.9225,9.9
394-41-0748,C,Naypyitaw,Member,Female,Fashion accessories,54.07,9,24.3315,510.9615,1/27/2019,14:55,Ewallet,486.63,4.761904762,24.3315,9.5
308-47-4913,A,Yangon,Member,Female,Sports and travel,52.26,10,26.13,548.73,3/9/2019,12:45,Credit card,522.6,4.761904762,26.13,6.2
587-03-7455,C,Naypyitaw,Member,Female,Fashion accessories,97.79,7,34.2265,718.7565,2/16/2019,17:30,Ewallet,684.53,4.761904762,34.2265,4.9
271-88-8734,C,Naypyitaw,Member,Female,Fashion accessories,97.21,10,48.605,1020.705,2/8/2019,13:00,Credit card,972.1,4.761904762,48.605,8.7
325-77-6186,A,Yangon,Member,Female,Home and lifestyle,90.65,10,45.325,951.825,3/8/2019,10:53,Ewallet,906.5,4.761904762,45.325,7.3
616-87-0016,B,Mandalay,Normal,Male,Fashion accessories,95.54,7,33.439,702.219,3/9/2019,14:36,Credit card,668.78,4.761904762,33.439,9.6
751-69-0068,C,Naypyitaw,Normal,Male,Sports and travel,99.24,9,44.658,937.818,3/19/2019,19:09,Ewallet,893.16,4.761904762,44.658,9.0
394-30-3170,B,Mandalay,Member,Female,Sports and travel,88.43,8,35.372,742.812,3/22/2019,19:35,Credit card,707.44,4.761904762,35.372,4.3
138-17-5109,A,Yangon,Member,Female,Home and lifestyle,89.21,9,40.1445,843.0345,1/15/2019,15:42,Credit card,802.89,4.761904762,40.1445,6.5
710-46-4433,B,Mandalay,Member,Female,Food and beverages,77.4,9,34.83,731.43,2/15/2019,14:15,Credit card,696.6,4.761904762,34.83,4.5
533-33-5337,B,Mandalay,Normal,Male,Electronic accessories,79.39,10,39.695,833.595,2/7/2019,20:24,Cash,793.9,4.761904762,39.695,6.2
234-03-4040,B,Mandalay,Member,Female,Food and beverages,73.05,10,36.525,767.025,3/3/2019,12:25,Credit card,730.5,4.761904762,36.525,8.7
878-30-2331,C,Naypyitaw,Member,Female,Sports and travel,54.55,10,27.275,572.775,3/2/2019,11:22,Credit card,545.5,4.761904762,27.275,7.1
767-05-1286,C,Naypyitaw,Member,Female,Home and lifestyle,83.77,6,25.131,527.751,1/23/2019,12:10,Ewallet,502.62,4.761904762,25.131,5.4
731-59-7531,B,Mandalay,Member,Male,Health and beauty,72.57,8,29.028,609.588,3/30/2019,17:58,Cash,580.56,4.761904762,29.028,4.6
541-08-3113,C,Naypyitaw,Normal,Male,Food and beverages,65.97,8,26.388,554.148,2/2/2019,20:29,Cash,527.76,4.761904762,26.388,8.4
305-18-3552,B,Mandalay,Member,Male,Home and lifestyle,60.38,10,30.19,633.99,2/12/2019,16:19,Cash,603.8,4.761904762,30.19,6.0
627-95-3243,B,Mandalay,Member,Female,Home and lifestyle,77.68,9,34.956,734.076,2/4/2019,13:21,Ewallet,699.12,4.761904762,34.956,9.8
632-32-4574,B,Mandalay,Normal,Male,Sports and travel,75.92,8,30.368,637.728,3/20/2019,14:14,Cash,607.36,4.761904762,30.368,5.5
862-59-8517,C,Naypyitaw,Normal,Female,Food and beverages,90.24,6,27.072,568.512,1/27/2019,11:17,Cash,541.44,4.761904762,27.072,6.2
862-17-9201,B,Mandalay,Normal,Female,Food and beverages,84.05,6,25.215,529.515,1/29/2019,10:48,Credit card,504.3,4.761904762,25.215,7.7
347-72-6115,B,Mandalay,Member,Female,Sports and travel,90.74,7,31.759,666.939,1/16/2019,18:03,Credit card,635.18,4.761904762,31.759,6.2
189-52-0236,A,Yangon,Normal,Male,Electronic accessories,99.55,7,34.8425,731.6925,3/14/2019,12:07,Cash,696.85,4.761904762,34.8425,7.6
451-28-5717,C,Naypyitaw,Member,Female,Home and lifestyle,83.17,6,24.951,523.971,3/20/2019,11:23,Cash,499.02,4.761904762,24.951,7.3
534-01-4457,A,Yangon,Normal,Male,Food and beverages,81.71,6,24.513,514.773,1/27/2019,14:36,Credit card,490.26,4.761904762,24.513,8.0
827-44-5872,B,Mandalay,Member,Female,Food and beverages,54.36,10,27.18,570.78,2/7/2019,11:28,Credit card,543.6,4.761904762,27.18,6.1
827-77-7633,A,Yangon,Normal,Male,Sports and travel,98.09,9,44.1405,926.9505,2/17/2019,19:41,Cash,882.81,4.761904762,44.1405,9.3
435-13-4908,A,Yangon,Member,Male,Fashion accessories,86.68,8,34.672,728.112,1/24/2019,18:04,Credit card,693.44,4.761904762,34.672,7.2
358-88-9262,C,Naypyitaw,Member,Female,Food and beverages,87.48,6,26.244,551.124,2/1/2019,18:43,Ewallet,524.88,4.761904762,26.244,5.1
541-48-8554,A,Yangon,Normal,Male,Sports and travel,60.95,9,27.4275,575.9775,1/7/2019,12:08,Credit card,548.55,4.761904762,27.4275,6.0
582-52-8065,B,Mandalay,Normal,Female,Fashion accessories,54.31,9,24.4395,513.2295,2/22/2019,10:49,Cash,488.79,4.761904762,24.4395,8.9
210-57-1719,B,Mandalay,Normal,Female,Health and beauty,58.24,9,26.208,550.368,2/5/2019,12:34,Cash,524.16,4.761904762,26.208,9.7
283-26-5248,C,Naypyitaw,Member,Female,Food and beverages,98.52,10,49.26,1034.46,1/30/2019,20:23,Ewallet,985.2,4.761904762,49.26,4.5
866-99-7614,C,Naypyitaw,Normal,Male,Food and beverages,89.2,10,44.6,936.6,2/11/2019,15:42,Credit card,892.0,4.761904762,44.6,4.4
698-98-5964,A,Yangon,Normal,Female,Food and beverages,81.21,10,40.605,852.705,1/17/2019,13:01,Credit card,812.1,4.761904762,40.605,6.3
718-57-9773,C,Naypyitaw,Normal,Female,Sports and travel,49.33,10,24.665,517.965,2/3/2019,16:40,Credit card,493.3,4.761904762,24.665,9.4
651-88-7328,A,Yangon,Normal,Female,Fashion accessories,65.74,9,29.583,621.243,1/1/2019,13:55,Cash,591.66,4.761904762,29.583,7.7
241-11-2261,B,Mandalay,Normal,Female,Fashion accessories,79.86,7,27.951,586.971,1/10/2019,10:33,Credit card,559.02,4.761904762,27.951,5.5
408-26-9866,C,Naypyitaw,Normal,Female,Sports and travel,73.98,7,25.893,543.753,3/2/2019,16:42,Ewallet,517.86,4.761904762,25.893,4.1
339-96-8318,B,Mandalay,Member,Male,Fashion accessories,81.31,7,28.4585,597.6285,3/1/2019,19:49,Ewallet,569.17,4.761904762,28.4585,6.3
379-17-6588,C,Naypyitaw,Normal,Male,Fashion accessories,59.61,10,29.805,625.905,3/14/2019,11:07,Cash,596.1,4.761904762,29.805,5.3
373-09-4567,C,Naypyitaw,Normal,Male,Food and beverages,77.56,10,38.78,814.38,3/14/2019,20:35,Ewallet,775.6,4.761904762,38.78,6.9
277-35-5865,C,Naypyitaw,Member,Female,Food and beverages,98.97,9,44.5365,935.2665,3/9/2019,11:23,Cash,890.73,4.761904762,44.5365,6.7
443-59-0061,A,Yangon,Member,Male,Food and beverages,67.45,10,33.725,708.225,2/3/2019,11:25,Ewallet,674.5,4.761904762,33.725,4.2
828-46-6863,A,Yangon,Member,Male,Food and beverages,98.53,6,29.559,620.739,1/23/2019,11:22,Credit card,591.18,4.761904762,29.559,4.0
670-79-6321,B,Mandalay,Member,Female,Home and lifestyle,94.59,7,33.1065,695.2365,1/17/2019,15:27,Credit card,662.13,4.761904762,33.1065,4.9
852-62-7105,B,Mandalay,Normal,Female,Fashion accessories,83.25,10,41.625,874.125,1/12/2019,11:25,Credit card,832.5,4.761904762,41.625,4.4
628-90-8624,B,Mandalay,Member,Male,Health and beauty,82.58,10,41.29,867.09,3/14/2019,14:41,Cash,825.8,4.761904762,41.29,5.0
149-61-1929,A,Yangon,Normal,Male,Sports and travel,64.19,10,32.095,673.995,1/19/2019,14:08,Credit card,641.9,4.761904762,32.095,6.7
188-55-0967,B,Mandalay,Member,Male,Health and beauty,66.47,10,33.235,697.935,1/15/2019,15:01,Credit card,664.7,4.761904762,33.235,5.0
155-45-3814,C,Naypyitaw,Member,Female,Electronic accessories,88.55,8,35.42,743.82,3/19/2019,15:29,Ewallet,708.4,4.761904762,35.42,4.7
131-15-8856,C,Naypyitaw,Member,Female,Food and beverages,72.52,8,29.008,609.168,3/30/2019,19:26,Credit card,580.16,4.761904762,29.008,4.0
742-04-5161,A,Yangon,Member,Male,Home and lifestyle,72.78,10,36.39,764.19,2/3/2019,17:24,Cash,727.8,4.761904762,36.39,7.3
641-51-2661,C,Naypyitaw,Member,Female,Food and beverages,87.1,10,43.55,914.55,2/12/2019,14:45,Credit card,871.0,4.761904762,43.55,9.9
588-47-8641,A,Yangon,Member,Male,Fashion accessories,56.04,10,28.02,588.42,1/14/2019,19:30,Ewallet,560.4,4.761904762,28.02,4.4
648-94-3045,C,Naypyitaw,Normal,Male,Health and beauty,58.95,10,29.475,618.975,2/7/2019,14:27,Ewallet,589.5,4.761904762,29.475,8.1
648-83-1321,A,Yangon,Member,Male,Home and lifestyle,63.56,10,31.78,667.38,1/16/2019,17:59,Cash,635.6,4.761904762,31.78,4.3
394-55-6384,C,Naypyitaw,Member,Female,Sports and travel,70.19,9,31.5855,663.2955,1/25/2019,13:38,Cash,631.71,4.761904762,31.5855,6.7
689-05-1884,A,Yangon,Member,Male,Health and beauty,48.63,10,24.315,510.615,3/4/2019,12:44,Cash,486.3,4.761904762,24.315,8.8
196-01-2849,C,Naypyitaw,Member,Female,Fashion accessories,73.38,7,25.683,539.343,2/10/2019,13:56,Cash,513.66,4.761904762,25.683,9.5
868-06-0466,A,Yangon,Member,Male,Electronic accessories,69.58,9,31.311,657.531,2/19/2019,19:38,Credit card,626.22,4.761904762,31.311,7.8
751-41-9720,C,Naypyitaw,Normal,Male,Home and lifestyle,97.5,10,48.75,1023.75,1/12/2019,16:18,Ewallet,975.0,4.761904762,48.75,8.0
626-43-7888,C,Naypyitaw,Normal,Female,Fashion accessories,60.41,8,24.164,507.444,2/7/2019,12:23,Ewallet,483.28,4.761904762,24.164,9.6
729-06-2010,B,Mandalay,Member,Male,Health and beauty,80.47,9,36.2115,760.4415,1/6/2019,11:18,Cash,724.23,4.761904762,36.2115,9.2
640-48-5028,B,Mandalay,Member,Female,Home and lifestyle,88.39,9,39.7755,835.2855,3/2/2019,12:40,Cash,795.51,4.761904762,39.7755,6.3
186-79-9562,B,Mandalay,Normal,Male,Health and beauty,71.77,7,25.1195,527.5095,3/29/2019,14:06,Cash,502.39,4.761904762,25.1195,8.9
786-94-2700,A,Yangon,Member,Male,Food and beverages,80.62,6,24.186,507.906,2/28/2019,20:18,Cash,483.72,4.761904762,24.186,9.1
183-21-3799,C,Naypyitaw,Normal,Female,Electronic accessories,77.63,9,34.9335,733.6035,2/19/2019,15:14,Ewallet,698.67,4.761904762,34.9335,7.2
735-32-9839,C,Naypyitaw,Member,Male,Fashion accessories,98.7,8,39.48,829.08,1/31/2019,10:36,Ewallet,789.6,4.761904762,39.48,8.5
857-16-3520,A,Yangon,Member,Female,Fashion accessories,71.46,7,25.011,525.231,3/28/2019,16:06,Ewallet,500.22,4.761904762,25.011,4.5
678-79-0726,C,Naypyitaw,Member,Female,Sports and travel,90.63,9,40.7835,856.4535,1/18/2019,15:28,Cash,815.67,4.761904762,40.7835,5.1
174-64-0215,B,Mandalay,Normal,Male,Sports and travel,69.74,10,34.87,732.27,3/5/2019,17:49,Credit card,697.4,4.761904762,34.87,8.9
438-23-1242,B,Mandalay,Normal,Male,Electronic accessories,75.88,7,26.558,557.718,1/24/2019,10:38,Ewallet,531.16,4.761904762,26.558,8.9
607-65-2441,C,Naypyitaw,Member,Male,Health and beauty,81.95,10,40.975,860.475,3/10/2019,12:39,Credit card,819.5,4.761904762,40.975,6.0
386-27-7606,C,Naypyitaw,Member,Female,Home and lifestyle,81.2,7,28.42,596.82,3/23/2019,15:59,Credit card,568.4,4.761904762,28.42,8.1
137-63-5492,C,Naypyitaw,Normal,Male,Electronic accessories,58.76,10,29.38,616.98,1/29/2019,14:26,Ewallet,587.6,4.761904762,29.38,9.0
197-77-7132,B,Mandalay,Member,Male,Electronic accessories,91.56,8,36.624,769.104,1/12/2019,18:22,Ewallet,732.48,4.761904762,36.624,6.0
805-86-0265,A,Yangon,Normal,Male,Home and lifestyle,93.96,9,42.282,887.922,3/20/2019,11:32,Cash,845.64,4.761904762,42.282,9.8
457-13-1708,B,Mandalay,Member,Male,Fashion accessories,65.23,10,32.615,684.915,1/8/2019,19:07,Credit card,652.3,4.761904762,32.615,5.2
314-23-4520,C,Naypyitaw,Member,Male,Health and beauty,81.23,7,28.4305,597.0405,1/15/2019,20:44,Cash,568.61,4.761904762,28.4305,9.0
652-43-6591,A,Yangon,Normal,Female,Fashion accessories,97.29,8,38.916,817.236,3/9/2019,13:18,Credit card,778.32,4.761904762,38.916,6.2
406-46-7107,A,Yangon,Normal,Female,Home and lifestyle,96.52,6,28.956,608.076,1/11/2019,11:52,Cash,579.12,4.761904762,28.956,4.5
842-40-8179,B,Mandalay,Member,Female,Food and beverages,77.2,10,38.6,810.6,2/11/2019,10:38,Credit card,772.0,4.761904762,38.6,5.6
525-09-8450,B,Mandalay,Normal,Male,Electronic accessories,72.13,10,36.065,757.365,1/31/2019,15:12,Credit card,721.3,4.761904762,36.065,4.2
410-67-1709,A,Yangon,Member,Female,Fashion accessories,63.88,8,25.552,536.592,1/20/2019,17:48,Ewallet,511.04,4.761904762,25.552,9.9
593-14-4239,B,Mandalay,Normal,Female,Home and lifestyle,95.46,8,38.184,801.864,3/5/2019,19:40,Ewallet,763.68,4.761904762,38.184,4.7
759-98-4285,C,Naypyitaw,Member,Female,Health and beauty,85.87,7,30.0545,631.1445,2/27/2019,19:01,Credit card,601.09,4.761904762,30.0545,8.0
457-94-0464,B,Mandalay,Member,Male,Electronic accessories,87.87,9,39.5415,830.3715,1/31/2019,20:32,Ewallet,790.83,4.761904762,39.5415,5.6
404-91-5964,A,Yangon,Normal,Male,Electronic accessories,74.58,7,26.103,548.163,2/4/2019,16:09,Credit card,522.06,4.761904762,26.103,9.0
886-77-9084,C,Naypyitaw,Normal,Male,Electronic accessories,71.89,8,28.756,603.876,2/19/2019,11:33,Ewallet,575.12,4.761904762,28.756,5.5
744-16-7898,B,Mandalay,Normal,Female,Home and lifestyle,97.37,10,48.685,1022.385,1/15/2019,13:48,Credit card,973.7,4.761904762,48.685,4.9
263-12-5321,A,Yangon,Member,Male,Electronic accessories,92.6,7,32.41,680.61,2/27/2019,12:52,Credit card,648.2,4.761904762,32.41,9.3
831-81-6575,B,Mandalay,Member,Female,Electronic accessories,75.59,9,34.0155,714.3255,2/23/2019,11:12,Cash,680.31,4.761904762,34.0155,8.0
189-55-2313,C,Naypyitaw,Normal,Female,Fashion accessories,62.18,10,31.09,652.89,1/31/2019,10:33,Ewallet,621.8,4.761904762,31.09,6.0
222-42-0244,B,Mandalay,Member,Female,Health and beauty,72.11,9,32.4495,681.4395,1/28/2019,13:53,Credit card,648.99,4.761904762,32.4495,7.7
538-22-0304,C,Naypyitaw,Normal,Male,Electronic accessories,64.95,10,32.475,681.975,3/24/2019,18:27,Cash,649.5,4.761904762,32.475,5.2
416-17-9926,A,Yangon,Member,Female,Electronic accessories,74.22,10,37.11,779.31,1/1/2019,14:42,Credit card,742.2,4.761904762,37.11,4.3
660-29-7083,C,Naypyitaw,Normal,Male,Electronic accessories,55.87,10,27.935,586.635,1/15/2019,15:01,Cash,558.7,4.761904762,27.935,5.8
845-94-6841,C,Naypyitaw,Member,Female,Food and beverages,72.88,9,32.796,688.716,1/8/2019,19:38,Cash,655.92,4.761904762,32.796,4.0
125-45-2293,A,Yangon,Normal,Female,Fashion accessories,99.1,6,29.73,624.33,1/19/2019,13:11,Cash,594.6,4.761904762,29.73,4.2
866-70-2814,B,Mandalay,Normal,Female,Electronic accessories,52.79,10,26.395,554.295,2/25/2019,11:58,Ewallet,527.9,4.761904762,26.395,10.0
160-22-2687,A,Yangon,Member,Female,Health and beauty,95.95,5,23.9875,503.7375,1/23/2019,14:21,Ewallet,479.75,4.761904762,23.9875,8.8
361-59-0574,B,Mandalay,Member,Male,Sports and travel,90.53,8,36.212,760.452,3/15/2019,14:48,Credit card,724.24,4.761904762,36.212,6.5
166-19-2553,A,Yangon,Member,Male,Sports and travel,89.06,6,26.718,561.078,1/18/2019,17:26,Cash,534.36,4.761904762,26.718,9.9
154-87-7367,C,Naypyitaw,Normal,Male,Home and lifestyle,65.26,8,26.104,548.184,3/15/2019,14:04,Ewallet,522.08,4.761904762,26.104,6.3
448-61-3783,A,Yangon,Normal,Female,Electronic accessories,90.02,8,36.008,756.168,3/21/2019,16:08,Credit card,720.16,4.761904762,36.008,4.5
884-80-6021,A,Yangon,Member,Female,Electronic accessories,73.47,10,36.735,771.435,3/23/2019,13:14,Ewallet,734.7,4.761904762,36.735,9.5
880-46-5796,A,Yangon,Member,Male,Sports and travel,76.92,10,38.46,807.66,3/17/2019,19:53,Ewallet,769.2,4.761904762,38.46,5.6
699-88-1972,B,Mandalay,Normal,Male,Health and beauty,99.16,8,39.664,832.944,1/28/2019,17:47,Credit card,793.28,4.761904762,39.664,4.2
725-54-0677,C,Naypyitaw,Member,Male,Health and beauty,85.6,7,29.96,629.16,3/2/2019,13:50,Cash,599.2,4.761904762,29.96,5.3
450-42-3339,C,Naypyitaw,Normal,Male,Health and beauty,84.61,10,42.305,888.405,2/9/2019,18:58,Credit card,846.1,4.761904762,42.305,8.8
624-01-8356,B,Mandalay,Normal,Female,Home and lifestyle,49.01,10,24.505,514.605,1/27/2019,10:44,Credit card,490.1,4.761904762,24.505,4.2
453-33-6436,A,Yangon,Normal,Female,Home and lifestyle,93.12,8,37.248,782.208,2/7/2019,10:09,Cash,744.96,4.761904762,37.248,6.8
887-42-0517,C,Naypyitaw,Normal,Female,Sports and travel,83.14,7,29.099,611.079,1/10/2019,10:31,Credit card,581.98,4.761904762,29.099,6.6
431-66-2305,B,Mandalay,Normal,Female,Electronic accessories,88.25,9,39.7125,833.9625,2/15/2019,20:51,Credit card,794.25,4.761904762,39.7125,7.6
641-62-7288,B,Mandalay,Normal,Male,Home and lifestyle,99.92,6,29.976,629.496,3/24/2019,13:33,Ewallet,599.52,4.761904762,29.976,7.1
243-55-8457,A,Yangon,Normal,Female,Food and beverages,74.44,10,37.22,781.62,2/27/2019,11:40,Ewallet,744.4,4.761904762,37.22,5.1
433-08-7822,C,Naypyitaw,Normal,Female,Health and beauty,78.89,7,27.6115,579.8415,1/5/2019,19:48,Ewallet,552.23,4.761904762,27.6115,7.5
702-83-5291,C,Naypyitaw,Member,Male,Fashion accessories,99.82,9,44.919,943.299,3/27/2019,10:43,Cash,898.38,4.761904762,44.919,6.6
489-82-1237,A,Yangon,Normal,Female,Electronic accessories,93.88,7,32.858,690.018,1/5/2019,11:51,Credit card,657.16,4.761904762,32.858,7.3
384-59-6655,A,Yangon,Member,Female,Food and beverages,98.66,9,44.397,932.337,2/19/2019,15:07,Cash,887.94,4.761904762,44.397,8.4
746-04-1077,B,Mandalay,Member,Female,Food and beverages,84.63,10,42.315,888.615,1/1/2019,11:36,Credit card,846.3,4.761904762,42.315,9.0
452-04-8808,B,Mandalay,Normal,Male,Electronic accessories,87.08,7,30.478,640.038,1/26/2019,15:17,Cash,609.56,4.761904762,30.478,5.5
139-32-4183,A,Yangon,Member,Female,Sports and travel,97.48,9,43.866,921.186,3/14/2019,14:19,Ewallet,877.32,4.761904762,43.866,7.4
148-41-7930,C,Naypyitaw,Normal,Male,Health and beauty,99.96,7,34.986,734.706,1/23/2019,10:33,Cash,699.72,4.761904762,34.986,6.1
189-40-5216,C,Naypyitaw,Normal,Male,Electronic accessories,96.37,7,33.7295,708.3195,1/9/2019,11:40,Cash,674.59,4.761904762,33.7295,6.0
552-44-5977,B,Mandalay,Member,Male,Health and beauty,62.0,8,24.8,520.8,1/3/2019,19:08,Credit card,496.0,4.761904762,24.8,6.2
267-62-7380,C,Naypyitaw,Member,Male,Electronic accessories,82.34,10,41.17,864.57,3/29/2019,19:12,Ewallet,823.4,4.761904762,41.17,4.3
430-53-4718,B,Mandalay,Member,Male,Health and beauty,75.37,8,30.148,633.108,1/28/2019,15:46,Credit card,602.96,4.761904762,30.148,8.4
602-16-6955,B,Mandalay,Normal,Female,Sports and travel,76.6,10,38.3,804.3,1/24/2019,18:10,Ewallet,766.0,4.761904762,38.3,6.0
303-96-2227,B,Mandalay,Normal,Female,Home and lifestyle,97.38,10,48.69,1022.49,3/2/2019,17:16,Ewallet,973.8,4.761904762,48.69,4.4
849-09-3807,A,Yangon,Member,Female,Fashion accessories,88.34,7,30.919,649.299,2/18/2019,13:28,Cash,618.38,4.761904762,30.919,6.6
